a: c
b: dupa
test_1: test_1
test_2: test_2

strażak18, strazakmail@strazpozarna.pl, ogien15
potężny_sracz, sranie@wp.pl, wielki_kloc
studentka_politologii, humanizm@ech.pl, egzystencja
felix, cojarobiezeswoimzyciem@ech.com, kamienie
Martin, martin_wisniewski@wp.pl, martin
Michał, michal_gorecki@wp.pl, michal
Krzysztof, krzysztof_czarnecki@wp.pl, krzysztof
Bartosz, bartosz_makowski@wp.pl, bartosz
Kornel, kornel_duda@wp.pl, kornel